{"_ranking":[0,0,0],"_sensitivityIndex":9.0,"_volumeSE":0.20000000298023225,"_volumeBGM":0.10000000149011612,"_muteSE":false,"_muteBGM":false}
