{"_ranking":[32813,28921,0],"_sensitivityIndex":9.0,"_volumeSE":0.10000000149011612,"_volumeBGM":0.10000000149011612,"_muteSE":false,"_muteBGM":false}
